water_q,total_qs
207.0992741488874,0.22610336106697915
501.1256690335843,1.3804449104148375
749.0423596652242,2.2470555949037907
998.9113054967158,2.553198132539764
1247.9635250366866,2.7672132871672552
1499.6088916350461,2.9236369133991262